Method,n_clusters,Silhouette,Davies-Bouldin
KMeans,4,0.37615685189642034,0.9299482663195267
GMM,4,0.1524481211765986,1.6214259917088143
Hierarchical (Ward),4,0.26042381783355917,1.1870397880154702
DBSCAN,3,0.1693856921327414,1.564649900255722
